season,round,event_id,race_id,race_name,track_id,track_name,track_primary_family,track_cluster_id,race_date,driver_id,driver_name,car_number,owner_id,owner_name,manufacturer_id,manufacturer,predicted_qualifying_position,predicted_qualifying_rank,predicted_qualifying_speed_deficit_pct,predicted_finish_score,predicted_finish_position,predicted_finish_rank,win_probability,top3_probability,win_probability_rank,top3_probability_rank,predicted_points,predicted_points_rank,qualifying_route,finish_route,probability_route,points_route,market_win_odds_decimal,market_top3_odds_decimal,market_win_implied_probability,market_top3_implied_probability,market_source,market_as_of,forecast_generated_at,forecast_status,composite_chatter_score,points_nudge,finish_position_nudge,eligibility_status,safe_for_production_overlay,last_coded,race_source_url,dk_id,salary,dk_avg_points_per_game,dk_starting_position,game_info,chatter_overlay_eligible,chatter_overlay_applied,chatter_score_applied,chatter_additive,chatter_multiplicative,predicted_qualifying_position_adjusted,predicted_finish_position_adjusted,predicted_points_adjusted,win_probability_unscaled,top3_probability_unscaled,win_probability_adjusted,top3_probability_adjusted,predicted_qualifying_rank_adjusted,predicted_finish_rank_adjusted,predicted_points_rank_adjusted,win_probability_rank_adjusted,top3_probability_rank_adjusted,draftkings_match_status,scheduled_laps,drv_laps_led_pct_ewm_h6,drv_cluster_laps_led_pct_ewm_h6,drv_family_laps_led_pct_ewm_h6,drv_fastest_lap_pct_ewm_h6,drv_cluster_fastest_lap_pct_ewm_h6,drv_family_fastest_lap_pct_ewm_h6,raw_laps_led_share,raw_fastest_lap_share,projected_laps_led,projected_fastest_laps,dk_starting_position_used,dk_starting_position_source,dk_projected_finish_rank_base,dk_projected_finish_rank_chatter,dk_finish_position_points_base,dk_finish_position_points_chatter,dk_place_differential_points_base,dk_place_differential_points_chatter,dk_laps_led_points,dk_fastest_lap_points,dk_projected_points_model_base,dk_projected_points_model_chatter,dk_projection_base,dk_projection_chatter,dk_value_per_1000_base,dk_value_per_1000_chatter,dk_projected_finish_rank,dk_finish_position_points,dk_place_differential_points,dk_projected_points_model,dk_projection,dk_value_per_1000,dk_projection_status,scoring_rules_source,salary_cap_rules_source
2026,21,cup_2026_r21,5618,Window World 450,north_wilkesboro_speedway,North Wilkesboro Speedway,short_track,cluster_6,2026-07-19,denny_hamlin,Denny Hamlin,11,joe_gibbs_racing,Joe Gibbs Racing,toyota,Toyota,9.227564878407012,2,1.2806349357221638,0.5841796443435756,4.587721550781649,1,0.07801374966754426,0.34935782377192526,6,1,42.65344083632254,1,conventional_speedway,short_steep_oval,short_steep_oval,short_steep_oval,,,,,,,2026-07-16T21:13:13Z,pre_entry_list_inferred_roster,0.189,0.756,-0.2835,pre_race_timing_but_proxy_unverified,TRUE,2026-07-15,https://www.jayski.com/nascar-cup-series/2026-nascar-cup-series-race-results/,43606988,11000,57.7,,Window World 450,TRUE,TRUE,0.189,0.756,1.0385235074051617,8.944064878407012,4.304221550781649,43.40944083632254,0.08101911293056634,0.36281631248305424,0.0782217589554618,0.3502213365559355,2,1,1,6,1,matched,450,0.12038059782679292,0.15864409199097637,0.15864409199097637,0.08117204047170826,0.06871603645213166,0.06871603645213166,0.13951234490888464,0.07494403846191995,64.37601770270513,40.636965908234146,2,model_predicted_qualifying_rank,1,1,45,45,1,1,16.09400442567628,18.286634658705367,80.38063908438164,80.38063908438164,80.38063908438164,80.38063908438164,7.307330825852877,7.307330825852877,1,45,1,80.38063908438164,80.38063908438164,7.307330825852877,pre_qualifying_provisional,https://pick6.draftkings.com/pick6-rules-and-scoring-nascar,https://www.draftkings.com/help/how-to-play/us
2026,21,cup_2026_r21,5618,Window World 450,north_wilkesboro_speedway,North Wilkesboro Speedway,short_track,cluster_6,2026-07-19,ryan_blaney,Ryan Blaney,12,team_penske,Team Penske,ford,Ford,10.132483500773208,4,0.9701476236436879,0.5306895245189799,5.580887746529241,2,0.04498746661368649,0.22834557575952225,8,4,39.31121558626231,2,conventional_speedway,short_steep_oval,short_steep_oval,short_steep_oval,,,,,,,2026-07-16T21:13:13Z,pre_entry_list_inferred_roster,0.7055,2.822,-1.0582,pre_race_timing_but_proxy_unverified,TRUE,2026-07-15,https://www.jayski.com/nascar-cup-series/2026-nascar-cup-series-race-results/,43606989,10700,46.2,,Window World 450,TRUE,TRUE,0.7055,2.822,1.1515397962068579,9.074283500773209,4.5226877465292405,42.13321558626231,0.05180485813618736,0.26294901777485785,0.05001618728316057,0.25382088203512715,3,2,2,8,3,matched,450,0.12192981927401904,0.12668154753425512,0.12668154753425512,0.03899489312132014,0.07970555005546029,0.07970555005546029,0.12430568340413709,0.05935022158839021,57.35911671901066,32.181518114466556,4,model_predicted_qualifying_rank,2,2,42,42,2,2,14.339779179752664,14.48168315150995,72.82146233126262,72.82146233126262,72.82146233126262,72.82146233126262,6.805744143108656,6.805744143108656,2,42,2,72.82146233126262,72.82146233126262,6.805744143108656,pre_qualifying_provisional,https://pick6.draftkings.com/pick6-rules-and-scoring-nascar,https://www.draftkings.com/help/how-to-play/us
2026,21,cup_2026_r21,5618,Window World 450,north_wilkesboro_speedway,North Wilkesboro Speedway,short_track,cluster_6,2026-07-19,kyle_larson,Kyle Larson,5,hendrick_motorsports,Hendrick Motorsports,chevrolet,Chevrolet,9.615641404068565,3,0.961534067020229,0.481267614715782,6.688623320884703,4,0.0626176848574982,0.22388305695397126,7,6,37.928763290319466,3,conventional_speedway,short_steep_oval,short_steep_oval,short_steep_oval,,,,,,,2026-07-16T21:13:13Z,pre_entry_list_inferred_roster,0.162,0.648,-0.243,pre_race_timing_but_proxy_unverified,TRUE,2026-07-15,https://www.jayski.com/nascar-cup-series/2026-nascar-cup-series-race-results/,43606990,10500,32.6,,Window World 450,TRUE,TRUE,0.162,0.648,1.0329305949196554,9.372641404068565,6.445623320884702,38.57676329031947,0.06467972247234711,0.23125565921189664,0.062446520056002,0.22322774161125167,4,4,3,7,6,matched,450,0.08800076757634899,0.18515662488988902,0.18515662488988902,0.05115243420510675,0.06863987609091887,0.06863987609091887,0.136578696233119,0.05989615514801281,63.02232660670965,32.47754010508582,3,model_predicted_qualifying_rank,4,4,40,40,-1,-1,15.755581651677412,14.61489304728862,69.37047469896604,69.37047469896604,69.37047469896604,69.37047469896604,6.606711876092003,6.606711876092003,4,40,-1,69.37047469896604,69.37047469896604,6.606711876092003,pre_qualifying_provisional,https://pick6.draftkings.com/pick6-rules-and-scoring-nascar,https://www.draftkings.com/help/how-to-play/us
2026,21,cup_2026_r21,5618,Window World 450,north_wilkesboro_speedway,North Wilkesboro Speedway,short_track,cluster_6,2026-07-19,christopher_bell,Christopher Bell,20,joe_gibbs_racing,Joe Gibbs Racing,toyota,Toyota,13.074341967618048,9,1.299404795989803,0.4831633911169318,6.642329814474357,3,0.083571587575028,0.22783744897593386,4,5,35.90303607491245,4,conventional_speedway,short_steep_oval,short_steep_oval,short_steep_oval,,,,,,,2026-07-16T21:13:13Z,pre_entry_list_inferred_roster,0.162,0.648,-0.243,pre_race_timing_but_proxy_unverified,TRUE,2026-07-15,https://www.jayski.com/nascar-cup-series/2026-nascar-cup-series-race-results/,43606991,10200,36.4,,Window World 450,TRUE,TRUE,0.162,0.648,1.0329305949196554,12.831341967618048,6.399329814474357,36.55103607491245,0.08632364967225375,0.235340271715688,0.08334314549463881,0.22717055895758503,9,3,4,4,5,matched,450,0.05015837996363599,0.03263292975304669,0.03263292975304669,0.059530721472461454,0.04299697882694533,0.04299697882694533,0.04139565485834134,0.051263850149703395,19.101445192653657,27.79683846256598,9,model_predicted_qualifying_rank,3,3,41,41,6,6,4.775361298163414,12.508577308154692,64.28393860631812,64.28393860631812,64.28393860631812,64.28393860631812,6.30234692218805,6.30234692218805,3,41,6,64.28393860631812,64.28393860631812,6.30234692218805,pre_qualifying_provisional,https://pick6.draftkings.com/pick6-rules-and-scoring-nascar,https://www.draftkings.com/help/how-to-play/us
2026,21,cup_2026_r21,5618,Window World 450,north_wilkesboro_speedway,North Wilkesboro Speedway,short_track,cluster_6,2026-07-19,william_byron,William Byron,24,hendrick_motorsports,Hendrick Motorsports,chevrolet,Chevrolet,12.74899753109422,8,0.9658388336751973,0.43861899341610294,7.81976047729665,5,0.16638564388105734,0.2509310606388552,1,3,34.060362817505066,7,conventional_speedway,short_steep_oval,short_steep_oval,short_steep_oval,,,,,,,2026-07-16T21:13:13Z,pre_entry_list_inferred_roster,0.12,0.48,-0.18,pre_race_timing_but_proxy_unverified,TRUE,2026-07-15,https://www.jayski.com/nascar-cup-series/2026-nascar-cup-series-race-results/,43606992,9900,32.1,,Window World 450,TRUE,TRUE,0.12,0.48,1.0242903178906215,12.56899753109422,7.63976047729665,34.54036281750506,0.17042720406336398,0.2570262558704038,0.16454284913144593,0.24810372567001102,8,5,7,1,4,matched,450,0.05166528379983996,0.09913776438136288,0.09913776438136288,0.033608361822724316,0.04566822852746095,0.04566822852746095,0.07540152409060141,0.03963829517509263,34.79297730131106,21.49310449168308,8,model_predicted_qualifying_rank,5,5,39,39,3,3,8.698244325327765,9.671897021257386,60.37014134658515,60.37014134658515,60.37014134658515,60.37014134658515,6.097994075412641,6.097994075412641,5,39,3,60.37014134658515,60.37014134658515,6.097994075412641,pre_qualifying_provisional,https://pick6.draftkings.com/pick6-rules-and-scoring-nascar,https://www.draftkings.com/help/how-to-play/us
2026,21,cup_2026_r21,5618,Window World 450,north_wilkesboro_speedway,North Wilkesboro Speedway,short_track,cluster_6,2026-07-19,tyler_reddick,Tyler Reddick,45,23xi_racing,23XI Racing,toyota,Toyota,13.26760917501057,10,0.9791523357484853,0.3737075218067337,9.919089198044913,9,0.03871326454297764,0.20608595066970486,10,8,30.988096495447152,10,conventional_speedway,short_steep_oval,short_steep_oval,short_steep_oval,,,,,,,2026-07-16T21:13:13Z,pre_entry_list_inferred_roster,0.0945,0.378,-0.1417,pre_race_timing_but_proxy_unverified,TRUE,2026-07-15,https://www.jayski.com/nascar-cup-series/2026-nascar-cup-series-race-results/,43606995,9200,42.2,,Window World 450,TRUE,TRUE,0.0945,0.378,1.0190797355482846,13.12590917501057,9.777389198044913,31.366096495447152,0.039451903392668436,0.21001801610869966,0.038089744084956675,0.20272735202844597,10,9,10,10,8,matched,450,0.07651929759277672,0.01248106300306109,0.01248106300306109,0.07535860813083106,0.02085906385298137,0.02085906385298137,0.044500180297918905,0.04810883599190621,20.533984978199303,26.086092612707017,10,model_predicted_qualifying_rank,9,9,35,35,1,1,5.133496244549826,11.738741675718158,52.872237920267985,52.872237920267985,52.872237920267985,52.872237920267985,5.746982382637825,5.746982382637825,9,35,1,52.872237920267985,52.872237920267985,5.746982382637825,pre_qualifying_provisional,https://pick6.draftkings.com/pick6-rules-and-scoring-nascar,https://www.draftkings.com/help/how-to-play/us
2026,21,cup_2026_r21,5618,Window World 450,north_wilkesboro_speedway,North Wilkesboro Speedway,short_track,cluster_6,2026-07-19,chase_elliott,Chase Elliott,9,hendrick_motorsports,Hendrick Motorsports,chevrolet,Chevrolet,12.746379917362479,7,0.9621659060571706,0.4150050176766183,8.526382502633133,7,0.08303324280731023,0.13719699777406633,5,10,32.60549990584426,8,conventional_speedway,short_steep_oval,short_steep_oval,short_steep_oval,,,,,,,2026-07-16T21:13:13Z,pre_entry_list_inferred_roster,0.189,0.756,-0.2835,pre_race_timing_but_proxy_unverified,TRUE,2026-07-15,https://www.jayski.com/nascar-cup-series/2026-nascar-cup-series-race-results/,43606993,9700,36.9,,Window World 450,TRUE,TRUE,0.189,0.756,1.0385235074051617,12.462879917362478,8.242882502633133,33.36149990584426,0.08623197455147223,0.14248230733378153,0.08325463564874441,0.13753610957704993,7,7,8,5,10,matched,450,0.049591588841357864,0.06322784889055848,0.06322784889055848,0.024505536030119138,0.04983484215213333,0.04983484215213333,0.05640971886595818,0.03717018909112623,26.029474758604536,20.15482135602033,7,model_predicted_qualifying_rank,7,7,37,37,0,0,6.507368689651134,9.06966961020915,52.57703829986028,52.57703829986028,52.57703829986028,52.57703829986028,5.42031322678972,5.42031322678972,7,37,0,52.57703829986028,52.57703829986028,5.42031322678972,pre_qualifying_provisional,https://pick6.draftkings.com/pick6-rules-and-scoring-nascar,https://www.draftkings.com/help/how-to-play/us
2026,21,cup_2026_r21,5618,Window World 450,north_wilkesboro_speedway,North Wilkesboro Speedway,short_track,cluster_6,2026-07-19,ty_gibbs,Ty Gibbs,54,joe_gibbs_racing,Joe Gibbs Racing,toyota,Toyota,9.079063299380255,1,1.295510153994373,0.4310370196591896,8.040015032026858,6,0.15887263226107387,0.2826011602054702,2,2,35.26391192833181,5,conventional_speedway,short_steep_oval,short_steep_oval,short_steep_oval,,,,,,,2026-07-16T21:13:13Z,pre_entry_list_inferred_roster,0.147,0.588,-0.2205,pre_race_timing_but_proxy_unverified,TRUE,2026-07-15,https://www.jayski.com/nascar-cup-series/2026-nascar-cup-series-race-results/,43606998,8500,33.2,,Window World 450,TRUE,TRUE,0.147,0.588,1.02983644667787,8.858563299380256,7.819515032026858,35.85191192833181,0.16361282708210426,0.2910329746530449,0.1579637527382707,0.2809299192400552,1,6,5,2,2,matched,450,0.058153947547968377,0.049310013281474524,0.049310013281474524,0.05116026370961438,0.03787705962662209,0.03787705962662209,0.05373198041472145,0.04451866166811823,24.79386985172255,24.139389518043654,1,model_predicted_qualifying_rank,6,6,38,38,-5,-5,6.198467462930638,10.862725283119644,50.06119274605028,50.06119274605028,50.06119274605028,50.06119274605028,5.889552087770622,5.889552087770622,6,38,-5,50.06119274605028,50.06119274605028,5.889552087770622,pre_qualifying_provisional,https://pick6.draftkings.com/pick6-rules-and-scoring-nascar,https://www.draftkings.com/help/how-to-play/us
2026,21,cup_2026_r21,5618,Window World 450,north_wilkesboro_speedway,North Wilkesboro Speedway,short_track,cluster_6,2026-07-19,bubba_wallace,Bubba Wallace,23,23xi_racing,23XI Racing,toyota,Toyota,16.3140880973644,14,0.9881775071476018,0.34151828093938846,11.160584951940471,10,0.039662721150914286,0.16646511750456872,9,9,28.5034501928915,12,conventional_speedway,short_steep_oval,short_steep_oval,short_steep_oval,,,,,,,2026-07-16T21:13:13Z,pre_entry_list_inferred_roster,0.0405,0.162,-0.0607,pre_race_timing_but_proxy_unverified,TRUE,2026-07-15,https://www.jayski.com/nascar-cup-series/2026-nascar-cup-series-race-results/,43607001,7900,28.3,,Window World 450,TRUE,TRUE,0.0405,0.162,1.0081328937531524,16.2533880973644,11.09988495194047,28.665450192891498,0.03998529384799558,0.1678189606188394,0.0386047181215337,0.16199321437649786,14,10,12,9,9,matched,450,0.03110393509851912,0.027748264373871012,0.027748264373871012,0.023376194247395326,0.024135835281679296,0.024135835281679296,0.029426099736195067,0.02375601476453731,13.578261613881184,12.881242883548744,14,model_predicted_qualifying_rank,10,10,34,34,4,4,3.394565403470296,5.796559297596935,47.19112470106723,47.19112470106723,47.19112470106723,47.19112470106723,5.973560088742688,5.973560088742688,10,34,4,47.19112470106723,47.19112470106723,5.973560088742688,pre_qualifying_provisional,https://pick6.draftkings.com/pick6-rules-and-scoring-nascar,https://www.draftkings.com/help/how-to-play/us
2026,21,cup_2026_r21,5618,Window World 450,north_wilkesboro_speedway,North Wilkesboro Speedway,short_track,cluster_6,2026-07-19,chase_briscoe,Chase Briscoe,19,joe_gibbs_racing,Joe Gibbs Racing,toyota,Toyota,10.839081816725706,5,1.304809566364101,0.39036467343927306,9.331880983738374,8,0.10898988102362181,0.21623305532890352,3,7,34.24170706300863,6,conventional_speedway,short_steep_oval,short_steep_oval,short_steep_oval,,,,,,,2026-07-16T21:13:13Z,pre_entry_list_inferred_roster,0.3251,1.3005,-0.4877,pre_race_timing_but_proxy_unverified,TRUE,2026-07-15,https://www.jayski.com/nascar-cup-series/2026-nascar-cup-series-race-results/,43606996,8900,32.6,,Window World 450,TRUE,TRUE,0.3251,1.3005,1.0671803677781135,10.351381816725706,8.844180983738374,35.54220706300863,0.11631186131488155,0.23075967151168444,0.11229595153961863,0.2227489718610858,5,8,6,3,7,matched,450,0.04312281385235729,0.03979253693982768,0.03979253693982768,0.03646883328138731,0.02317198020128866,0.02317198020128866,0.041457675396092485,0.029820406741337985,19.130063701207913,16.169542994846275,5,model_predicted_qualifying_rank,8,8,36,36,-3,-3,4.782515925301978,7.276294347680824,45.058810272982804,45.058810272982804,45.058810272982804,45.058810272982804,5.062787671121663,5.062787671121663,8,36,-3,45.058810272982804,45.058810272982804,5.062787671121663,pre_qualifying_provisional,https://pick6.draftkings.com/pick6-rules-and-scoring-nascar,https://www.draftkings.com/help/how-to-play/us
2026,21,cup_2026_r21,5618,Window World 450,north_wilkesboro_speedway,North Wilkesboro Speedway,short_track,cluster_6,2026-07-19,brad_keselowski,Brad Keselowski,6,rfk_racing,RFK Racing,ford,Ford,20.68955826543032,22,1.3176252444837604,0.3088696198837411,12.578622588015115,15,0.003593079953362035,0.031141807811870002,20,19,23.15602562448771,20,conventional_speedway,short_steep_oval,short_steep_oval,short_steep_oval,,,,,,,2026-07-16T21:13:13Z,pre_entry_list_inferred_roster,0.0135,0.054,-0.0203,pre_race_timing_but_proxy_unverified,TRUE,2026-07-15,https://www.jayski.com/nascar-cup-series/2026-nascar-cup-series-race-results/,43607003,7600,29.1,,Window World 450,TRUE,TRUE,0.0135,0.054,1.0027036482827156,20.669258265430322,12.558322588015114,23.21002562448771,0.0036027943778076024,0.031226004307081223,0.003478400382246561,0.030142010123202945,22,15,20,20,19,matched,450,0.014266074182935797,0.04383043227065814,0.04383043227065814,0.012484175770113324,0.03417481209435351,0.03417481209435351,0.029048253226796966,0.023329493932233415,13.403909633819465,12.6499701515583,22,model_predicted_qualifying_rank,15,15,28,28,7,7,3.3509774084548662,5.692486568201235,44.0434639766561,44.0434639766561,44.0434639766561,44.0434639766561,5.795192628507381,5.795192628507381,15,28,7,44.0434639766561,44.0434639766561,5.795192628507381,pre_qualifying_provisional,https://pick6.draftkings.com/pick6-rules-and-scoring-nascar,https://www.draftkings.com/help/how-to-play/us
2026,21,cup_2026_r21,5618,Window World 450,north_wilkesboro_speedway,North Wilkesboro Speedway,short_track,cluster_6,2026-07-19,alex_bowman,Alex Bowman,48,hendrick_motorsports,Hendrick Motorsports,chevrolet,Chevrolet,16.417502509860103,16,1.028920798525623,0.3315092040729257,11.57742684636569,11,0.028252183184293934,0.09599622121894853,11,12,26.418820026667614,15,conventional_speedway,short_steep_oval,short_steep_oval,short_steep_oval,,,,,,,2026-07-16T21:13:13Z,pre_entry_list_inferred_roster,0.0405,0.162,-0.0607,pre_race_timing_but_proxy_unverified,TRUE,2026-07-15,https://www.jayski.com/nascar-cup-series/2026-nascar-cup-series-race-results/,43607007,7000,23.9,,Window World 450,TRUE,TRUE,0.0405,0.162,1.0081328937531524,16.356802509860103,11.516726846365689,26.580820026667613,0.028481955188426396,0.09677694828682636,0.027498556238682588,0.09341738783699259,16,11,15,11,12,matched,450,7.921103925818744e-4,0.010163172362426148,0.010163172362426148,0.007546955580571421,0.01701896914785307,0.01701896914785307,0.005477641377504011,0.012282962364212245,2.5275808998663862,6.660200505477655,16,model_predicted_qualifying_rank,11,11,32,32,5,5,0.6318952249665966,2.9970902274649447,40.62898545243154,40.62898545243154,40.62898545243154,40.62898545243154,5.804140778918792,5.804140778918792,11,32,5,40.62898545243154,40.62898545243154,5.804140778918792,pre_qualifying_provisional,https://pick6.draftkings.com/pick6-rules-and-scoring-nascar,https://www.draftkings.com/help/how-to-play/us
2026,21,cup_2026_r21,5618,Window World 450,north_wilkesboro_speedway,North Wilkesboro Speedway,short_track,cluster_6,2026-07-19,shane_van_gisbergen,Shane van Gisbergen,97,trackhouse_racing,Trackhouse Racing,chevrolet,Chevrolet,18.154866794473236,19,1.4946593483541524,0.25398531549748604,15.380043394968393,19,0.00969616006895856,0.03558912280869855,15,17,24.33759265313508,18,conventional_speedway,short_steep_oval,short_steep_oval,short_steep_oval,,,,,,,2026-07-16T21:13:13Z,pre_entry_list_inferred_roster,0.0405,0.162,-0.0607,pre_race_timing_but_proxy_unverified,TRUE,2026-07-15,https://www.jayski.com/nascar-cup-series/2026-nascar-cup-series-race-results/,43607008,6800,30,,Window World 450,TRUE,TRUE,0.0405,0.162,1.0081328937531524,18.094166794473235,15.319343394968392,24.49959265313508,0.00977501790861296,0.03587856536326959,0.009437515013131857,0.03463305998905618,19,19,18,15,17,matched,450,0.10934884639581759,0,0,0.05457302876749021,0.0109345721323448,0.0109345721323448,0.05467442319790879,0.032753800449917506,25.228746875213762,17.760119411295246,19,model_predicted_qualifying_rank,19,19,24,24,0,0,6.3071867188034405,7.992053735082861,38.2992404538863,38.2992404538863,38.2992404538863,38.2992404538863,5.632241243218573,5.632241243218573,19,24,0,38.2992404538863,38.2992404538863,5.632241243218573,pre_qualifying_provisional,https://pick6.draftkings.com/pick6-rules-and-scoring-nascar,https://www.draftkings.com/help/how-to-play/us
2026,21,cup_2026_r21,5618,Window World 450,north_wilkesboro_speedway,North Wilkesboro Speedway,short_track,cluster_6,2026-07-19,joey_logano,Joey Logano,22,team_penske,Team Penske,ford,Ford,16.086509253588034,13,1.0331074377153433,0.3246475520615359,11.87215005664238,12,0.0026247793436692188,0.040691045655715186,22,15,29.1649089217504,11,conventional_speedway,short_steep_oval,short_steep_oval,short_steep_oval,,,,,,,2026-07-16T21:13:13Z,pre_entry_list_inferred_roster,0.093,0.372,-0.1395,pre_race_timing_but_proxy_unverified,TRUE,2026-07-15,https://www.jayski.com/nascar-cup-series/2026-nascar-cup-series-race-results/,43606994,9500,22.3,,Window World 450,TRUE,TRUE,0.093,0.372,1.0187740574816229,15.947009253588034,11.73265005664238,29.5369089217504,0.002674057101943841,0.041454981685842926,0.0025817296992704775,0.04001589397553848,13,12,11,22,15,matched,450,0.012842613647989163,0.01796380907238572,0.01796380907238572,0.009122002975259676,0.026514792062544146,0.026514792062544146,0.015403211360187442,0.01781839751890191,7.107596161827447,9.661683936113185,13,model_predicted_qualifying_rank,12,12,31,31,1,1,1.7768990404568616,4.347757771250934,38.124656811707794,38.124656811707794,38.124656811707794,38.124656811707794,4.013121769653452,4.013121769653452,12,31,1,38.124656811707794,38.124656811707794,4.013121769653452,pre_qualifying_provisional,https://pick6.draftkings.com/pick6-rules-and-scoring-nascar,https://www.draftkings.com/help/how-to-play/us
2026,21,cup_2026_r21,5618,Window World 450,north_wilkesboro_speedway,North Wilkesboro Speedway,short_track,cluster_6,2026-07-19,chris_buescher,Chris Buescher,17,rfk_racing,RFK Racing,ford,Ford,15.035189175302143,12,1.1143967350576436,0.31886335496426127,12.126414484395962,13,0.005269659863949792,0.06043089589150352,18,14,26.843710593463836,14,conventional_speedway,short_steep_oval,short_steep_oval,short_steep_oval,,,,,,,2026-07-16T21:13:13Z,pre_entry_list_inferred_roster,0.0675,0.27,-0.1013,pre_race_timing_but_proxy_unverified,TRUE,2026-07-15,https://www.jayski.com/nascar-cup-series/2026-nascar-cup-series-race-results/,43606999,8300,30.3,,Window World 450,TRUE,TRUE,0.0675,0.27,1.0135915364502062,14.933889175302143,12.025114484395962,27.113710593463836,0.005341282638070854,0.061252244615731505,0.005156863706792635,0.059125905419080416,12,13,14,18,14,matched,450,0.015454612759138767,0.008835855347067012,0.008835855347067012,0.02406153234194839,0.021553357901975698,0.021553357901975698,0.01214523405310289,0.022807445121962044,5.604248161097728,12.366899207680472,12,model_predicted_qualifying_rank,13,13,30,30,-1,-1,1.401062040274432,5.565104643456213,35.96616668373065,35.96616668373065,35.96616668373065,35.96616668373065,4.333273094425379,4.333273094425379,13,30,-1,35.96616668373065,35.96616668373065,4.333273094425379,pre_qualifying_provisional,https://pick6.draftkings.com/pick6-rules-and-scoring-nascar,https://www.draftkings.com/help/how-to-play/us
2026,21,cup_2026_r21,5618,Window World 450,north_wilkesboro_speedway,North Wilkesboro Speedway,short_track,cluster_6,2026-07-19,ryan_preece,Ryan Preece,60,rfk_racing,RFK Racing,ford,Ford,19.586802874429512,20,1.1583868881319082,0.2924113738127804,13.360392576389346,17,0.008287073352551756,0.12325671789954165,16,11,23.747409181898917,19,conventional_speedway,short_steep_oval,short_steep_oval,short_steep_oval,,,,,,,2026-07-16T21:13:13Z,pre_entry_list_inferred_roster,0.066,0.264,-0.099,pre_race_timing_but_proxy_unverified,TRUE,2026-07-15,https://www.jayski.com/nascar-cup-series/2026-nascar-cup-series-race-results/,43607002,7700,28.7,,Window World 450,TRUE,TRUE,0.066,0.264,1.0132875045963292,19.487802874429512,13.261392576389346,24.011409181898916,0.008397187877813905,0.12489449210516027,0.008107257439920402,0.12055884602924773,20,17,19,16,11,matched,450,0.010613386831765504,0.015148836010023571,0.015148836010023571,0.009446650128870701,0.027387294955440105,0.027387294955440105,0.012881111420894537,0.018416972542155404,5.943808466581191,9.98624974965461,20,model_predicted_qualifying_rank,17,17,26,26,3,3,1.4859521166452978,4.493812387344574,34.97976450398987,34.97976450398987,34.97976450398987,34.97976450398987,4.542826558959724,4.542826558959724,17,26,3,34.97976450398987,34.97976450398987,4.542826558959724,pre_qualifying_provisional,https://pick6.draftkings.com/pick6-rules-and-scoring-nascar,https://www.draftkings.com/help/how-to-play/us
2026,21,cup_2026_r21,5618,Window World 450,north_wilkesboro_speedway,North Wilkesboro Speedway,short_track,cluster_6,2026-07-19,austin_dillon,Austin Dillon,3,richard_childress_racing,Richard Childress Racing,chevrolet,Chevrolet,21.723049278315287,25,1.448261155710033,0.24622958609682663,15.823313308408439,21,0.014867814530495264,0.03380617776259135,13,18,19.083369210812894,23,conventional_speedway,short_steep_oval,short_steep_oval,short_steep_oval,,,,,,,2026-07-16T21:13:13Z,pre_entry_list_inferred_roster,-0.0135,-0.054,0.0203,pre_race_timing_but_proxy_unverified,TRUE,2026-07-15,https://www.jayski.com/nascar-cup-series/2026-nascar-cup-series-race-results/,43607012,6300,26,,Window World 450,TRUE,TRUE,-0.0135,-0.054,0.9973036417217132,21.743349278315286,15.84361330840844,19.029369210812895,0.014827725575705929,0.03371502419532395,0.014315767402126476,0.03254462500567294,26,21,23,13,18,matched,450,0.0018381964502210426,0.021891525303090572,0.021891525303090572,0.01527928974059508,0.015362553314368812,0.015362553314368812,0.011864860876655808,0.015320921527481945,5.474873885422633,8.307475532044666,25,model_predicted_qualifying_rank,21,21,21,21,4,4,1.3687184713556582,3.7383639894200997,30.10708246077576,30.10708246077576,30.10708246077576,30.10708246077576,4.778901977900914,4.778901977900914,21,21,4,30.10708246077576,30.10708246077576,4.778901977900914,pre_qualifying_provisional,https://pick6.draftkings.com/pick6-rules-and-scoring-nascar,https://www.draftkings.com/help/how-to-play/us
2026,21,cup_2026_r21,5618,Window World 450,north_wilkesboro_speedway,North Wilkesboro Speedway,short_track,cluster_6,2026-07-19,carson_hocevar,Carson Hocevar,77,spire_motorsports,Spire Motorsports,chevrolet,Chevrolet,11.337044519992466,6,1.003782527670673,0.3115183965149751,12.457150514973918,14,0.022682634184394205,0.09344731674147633,12,13,31.471956121166848,9,conventional_speedway,short_steep_oval,short_steep_oval,short_steep_oval,,,,,,,2026-07-16T21:13:13Z,pre_entry_list_inferred_roster,0.0405,0.162,-0.0607,pre_race_timing_but_proxy_unverified,TRUE,2026-07-15,https://www.jayski.com/nascar-cup-series/2026-nascar-cup-series-race-results/,43606997,8700,32.3,,Window World 450,TRUE,TRUE,0.0405,0.162,1.0081328937531524,11.276344519992465,12.396450514973917,31.633956121166847,0.022867109638257506,0.09420731384005193,0.022077574950306142,0.09093695688764948,6,14,9,12,13,matched,450,0.032527132236614874,0.007114755436891835,0.007114755436891835,0.02393868220617106,0.020200816020200237,0.020200816020200237,0.01982094383675335,0.022069749113185648,9.146096943266974,11.966897710903396,6,model_predicted_qualifying_rank,14,14,29,29,-8,-8,2.2865242358167435,5.385103969906528,28.67162820572327,28.67162820572327,28.67162820572327,28.67162820572327,3.2955894489337094,3.2955894489337094,14,29,-8,28.67162820572327,28.67162820572327,3.2955894489337094,pre_qualifying_provisional,https://pick6.draftkings.com/pick6-rules-and-scoring-nascar,https://www.draftkings.com/help/how-to-play/us
2026,21,cup_2026_r21,5618,Window World 450,north_wilkesboro_speedway,North Wilkesboro Speedway,short_track,cluster_6,2026-07-19,ross_chastain,Ross Chastain,1,trackhouse_racing,Trackhouse Racing,chevrolet,Chevrolet,16.919805805984623,17,1.2134408315275227,0.2868120380010045,13.637291523790413,18,0.0019141379981382624,0.01992037367047174,25,22,25.161278115317312,16,conventional_speedway,short_steep_oval,short_steep_oval,short_steep_oval,,,,,,,2026-07-16T21:13:13Z,pre_entry_list_inferred_roster,0.0405,0.162,-0.0607,pre_race_timing_but_proxy_unverified,TRUE,2026-07-15,https://www.jayski.com/nascar-cup-series/2026-nascar-cup-series-race-results/,43607000,8100,24.2,,Window World 450,TRUE,TRUE,0.0405,0.162,1.0081328937531524,16.859105805984623,13.576591523790412,25.32327811531731,0.0019297054791059926,0.02008238395305678,0.001863078369804212,0.019385234641558502,17,18,16,25,22,matched,450,0.010151345285575727,0.00816055453328537,0.00816055453328537,0.012029752742517266,0.016318751403839718,0.016318751403839718,0.009155949909430548,0.014174252073178493,4.224884857605499,7.685716036841863,17,model_predicted_qualifying_rank,18,18,25,25,-1,-1,1.0562212144013747,3.4585722165788386,28.514793430980212,28.514793430980212,28.514793430980212,28.514793430980212,3.5203448680222484,3.5203448680222484,18,25,-1,28.514793430980212,28.514793430980212,3.5203448680222484,pre_qualifying_provisional,https://pick6.draftkings.com/pick6-rules-and-scoring-nascar,https://www.draftkings.com/help/how-to-play/us
2026,21,cup_2026_r21,5618,Window World 450,north_wilkesboro_speedway,North Wilkesboro Speedway,short_track,cluster_6,2026-07-19,austin_cindric,Austin Cindric,2,team_penske,Team Penske,ford,Ford,13.718600050459195,11,1.0143860270832097,0.3051478250882774,12.751307020169628,16,0.010657408316323362,0.04026481465682117,14,16,27.61510185813294,13,conventional_speedway,short_steep_oval,short_steep_oval,short_steep_oval,,,,,,,2026-07-16T21:13:13Z,pre_entry_list_inferred_roster,0.0135,0.054,-0.0203,pre_race_timing_but_proxy_unverified,TRUE,2026-07-15,https://www.jayski.com/nascar-cup-series/2026-nascar-cup-series-race-results/,43607005,7200,27.3,,Window World 450,TRUE,TRUE,0.0135,0.054,1.0027036482827156,13.698300050459194,12.731007020169628,27.66910185813294,0.010686222200015989,0.04037367655382195,0.010317258074530147,0.03897212577788098,11,16,13,14,16,matched,450,0.009668299162145648,0.006081511454885914,0.006081511454885914,0.01041156442570651,0.017330930178242675,0.017330930178242675,0.00787490530851578,0.013871247301974594,3.6337647674062836,7.521417517437927,11,model_predicted_qualifying_rank,16,16,27,27,-5,-5,0.9084411918515709,3.384637882847067,26.29307907469864,26.29307907469864,26.29307907469864,26.29307907469864,3.651816538152589,3.651816538152589,16,27,-5,26.29307907469864,26.29307907469864,3.651816538152589,pre_qualifying_provisional,https://pick6.draftkings.com/pick6-rules-and-scoring-nascar,https://www.draftkings.com/help/how-to-play/us
2026,21,cup_2026_r21,5618,Window World 450,north_wilkesboro_speedway,North Wilkesboro Speedway,short_track,cluster_6,2026-07-19,michael_mcdowell,Michael McDowell,71,spire_motorsports,Spire Motorsports,chevrolet,Chevrolet,17.568887654430302,18,1.2749198337648426,0.24878489301957457,15.675874178490506,20,0.0024610684374878075,0.010677563376736835,23,23,22.82718330395287,21,conventional_speedway,short_steep_oval,short_steep_oval,short_steep_oval,,,,,,,2026-07-16T21:13:13Z,pre_entry_list_inferred_roster,0.0135,0.054,-0.0203,pre_race_timing_but_proxy_unverified,TRUE,2026-07-15,https://www.jayski.com/nascar-cup-series/2026-nascar-cup-series-race-results/,43607011,6400,26.3,,Window World 450,TRUE,TRUE,0.0135,0.054,1.0027036482827156,17.548587654430303,15.655574178490506,22.88118330395287,0.002467722300942467,0.010706431752623938,0.0023825190379307935,0.010334763650749559,18,20,21,23,23,matched,450,0.005411451594943826,0.0022511750118105562,0.0022511750118105562,0.01751941259301695,0.009854943690245583,0.009854943690245583,0.0038313133033771917,0.013687178141631265,1.7679058667095238,7.4216095494241685,18,model_predicted_qualifying_rank,20,20,23,23,-2,-2,0.44197646667738094,3.339724297240876,24.78170076391826,24.78170076391826,24.78170076391826,24.78170076391826,3.872140744362228,3.872140744362228,20,23,-2,24.78170076391826,24.78170076391826,3.872140744362228,pre_qualifying_provisional,https://pick6.draftkings.com/pick6-rules-and-scoring-nascar,https://www.draftkings.com/help/how-to-play/us
2026,21,cup_2026_r21,5618,Window World 450,north_wilkesboro_speedway,North Wilkesboro Speedway,short_track,cluster_6,2026-07-19,riley_herbst,Riley Herbst,35,23xi_racing,23XI Racing,toyota,Toyota,21.728231673296804,26,1.581723221168331,0.23008931881057432,16.787175680413846,24,0.0013666533405438598,0.005076315600002236,27,30,19.018043864118475,24,conventional_speedway,short_steep_oval,short_steep_oval,short_steep_oval,,,,,,,2026-07-16T21:13:13Z,pre_entry_list_inferred_roster,,,,,,,,43607015,5800,22.3,,Window World 450,FALSE,FALSE,0,0,1,21.728231673296804,16.787175680413846,19.018043864118475,0.0013666533405438598,0.005076315600002236,0.0013194667815150465,0.00490009399534803,25,24,24,27,30,matched,450,0.0034696740151099396,0,0,0.009948179909258318,0.012877568075541624,0.012877568075541624,0.0017348370075549698,0.011412873992399972,0.8005162409291167,6.188411791816967,26,model_predicted_qualifying_rank,24,24,18,18,2,2,0.20012906023227917,2.784785306317635,22.984914366549912,22.984914366549912,22.984914366549912,22.984914366549912,3.962916270094812,3.962916270094812,24,18,2,22.984914366549912,22.984914366549912,3.962916270094812,pre_qualifying_provisional,https://pick6.draftkings.com/pick6-rules-and-scoring-nascar,https://www.draftkings.com/help/how-to-play/us
2026,21,cup_2026_r21,5618,Window World 450,north_wilkesboro_speedway,North Wilkesboro Speedway,short_track,cluster_6,2026-07-19,erik_jones,Erik Jones,43,legacy_motor_club,Legacy Motor Club,toyota,Toyota,21.49015269805539,24,1.5303642889116322,0.23547310571827473,16.45931218514585,23,6.756553085224456e-4,0.009466624502411179,30,24,20.577376684047177,22,conventional_speedway,short_steep_oval,short_steep_oval,short_steep_oval,,,,,,,2026-07-16T21:13:13Z,pre_entry_list_inferred_roster,0,0,-0,pre_race_timing_but_proxy_unverified,TRUE,2026-07-15,https://www.jayski.com/nascar-cup-series/2026-nascar-cup-series-race-results/,43607009,6600,33,,Window World 450,TRUE,TRUE,0,0,1,21.49015269805539,16.45931218514585,20.577376684047177,6.756553085224456e-4,0.009466624502411179,6.523268987839247e-4,0.009137995651897435,24,23,22,30,24,matched,450,0.003067449000496455,9.438324008150357e-5,9.438324008150357e-5,0.011159846762752711,0.005662076275260484,0.005662076275260484,0.0015809161202889792,0.008410961519006598,0.7294916031458227,4.560682390728268,24,model_predicted_qualifying_rank,23,23,19,19,1,1,0.18237290078645568,2.052307075827721,22.234679976614174,22.234679976614174,22.234679976614174,22.234679976614174,3.368890905547602,3.368890905547602,23,19,1,22.234679976614174,22.234679976614174,3.368890905547602,pre_qualifying_provisional,https://pick6.draftkings.com/pick6-rules-and-scoring-nascar,https://www.draftkings.com/help/how-to-play/us
2026,21,cup_2026_r21,5618,Window World 450,north_wilkesboro_speedway,North Wilkesboro Speedway,short_track,cluster_6,2026-07-19,josh_berry,Josh Berry,21,wood_brothers_racing,Wood Brothers Racing,ford,Ford,26.31921832850301,32,1.3161495765302693,0.19974600677079468,18.760992302272033,29,0.007233814213733391,0.029475393359694957,17,21,15.909977478424667,30,conventional_speedway,short_steep_oval,short_steep_oval,short_steep_oval,,,,,,,2026-07-16T21:13:13Z,pre_entry_list_inferred_roster,0.0135,0.054,-0.0203,pre_race_timing_but_proxy_unverified,TRUE,2026-07-15,https://www.jayski.com/nascar-cup-series/2026-nascar-cup-series-race-results/,43607006,7100,17,,Window World 450,TRUE,TRUE,0.0135,0.054,1.0027036482827156,26.29891832850301,18.740692302272034,15.963977478424667,0.007253371903109835,0.029555084456334264,0.007002934099088645,0.02852909536917359,32,29,30,17,20,matched,450,0.0028955513412325046,0.011666364366442828,0.011666364366442828,0.007453643869533308,0.020922728394157642,0.020922728394157642,0.007280957853837667,0.014188186131845474,3.359696032615776,7.693271512615979,32,model_predicted_qualifying_rank,29,29,13,13,3,3,0.839924008153944,3.461972180677191,20.301896188831133,20.301896188831133,20.301896188831133,20.301896188831133,2.85942199842692,2.85942199842692,29,13,3,20.301896188831133,20.301896188831133,2.85942199842692,pre_qualifying_provisional,https://pick6.draftkings.com/pick6-rules-and-scoring-nascar,https://www.draftkings.com/help/how-to-play/us
2026,21,cup_2026_r21,5618,Window World 450,north_wilkesboro_speedway,North Wilkesboro Speedway,short_track,cluster_6,2026-07-19,todd_gilliland,Todd Gilliland,34,front_row_motorsports,Front Row Motorsports,ford,Ford,24.158302773472773,29,1.5065306504819906,0.21571254208288027,17.695059040673723,27,0.001067769413684348,0.007387470595279687,29,27,18.180639501299712,27,conventional_speedway,short_steep_oval,short_steep_oval,short_steep_oval,,,,,,,2026-07-16T21:13:13Z,pre_entry_list_inferred_roster,,,,,,,,43607017,5600,25.7,,Window World 450,FALSE,FALSE,0,0,1,24.158302773472773,17.695059040673723,18.180639501299712,0.001067769413684348,0.007387470595279687,0.001030902446053824,0.007131018470310275,29,27,27,29,27,matched,450,0.003541731827280527,0,0,0.004352087898375868,0.012689019751339705,0.012689019751339705,0.0017708659136402634,0.008520553824857786,0.8171412750611912,4.620106714371334,29,model_predicted_qualifying_rank,27,27,15,15,2,2,0.2042853187652978,2.0790480214671003,19.283333340232396,19.283333340232396,19.283333340232396,19.283333340232396,3.4434523821843563,3.4434523821843563,27,15,2,19.283333340232396,19.283333340232396,3.4434523821843563,pre_qualifying_provisional,https://pick6.draftkings.com/pick6-rules-and-scoring-nascar,https://www.draftkings.com/help/how-to-play/us
2026,21,cup_2026_r21,5618,Window World 450,north_wilkesboro_speedway,North Wilkesboro Speedway,short_track,cluster_6,2026-07-19,zane_smith,Zane Smith,38,front_row_motorsports,Front Row Motorsports,ford,Ford,21.344385487543924,23,1.3444157084081685,0.22355308757488168,17.19401105341053,25,0.0020715641430225345,0.02955955374988274,24,20,18.364704700289067,26,conventional_speedway,short_steep_oval,short_steep_oval,short_steep_oval,,,,,,,2026-07-16T21:13:13Z,pre_entry_list_inferred_roster,-0.0135,-0.054,0.0203,pre_race_timing_but_proxy_unverified,TRUE,2026-07-15,https://www.jayski.com/nascar-cup-series/2026-nascar-cup-series-race-results/,43607010,6500,22.9,,Window World 450,TRUE,TRUE,-0.0135,-0.054,0.9973036417217132,21.364685487543923,17.21431105341053,18.31070470028907,0.0020659784638964933,0.02947985060242678,0.001994646245369069,0.028456473218616444,23,25,26,24,21,matched,450,0.011188369253519806,9.15671840762728e-4,9.15671840762728e-4,0.00940894380078231,0.004122942273494537,0.004122942273494537,0.006052020547141266,0.006765943037138423,2.792620123576533,3.668702703777468,23,model_predicted_qualifying_rank,25,25,17,17,-2,-2,0.6981550308941332,1.6509162166998606,17.349071247593994,17.349071247593994,17.349071247593994,17.349071247593994,2.66908788424523,2.66908788424523,25,17,-2,17.349071247593994,17.349071247593994,2.66908788424523,pre_qualifying_provisional,https://pick6.draftkings.com/pick6-rules-and-scoring-nascar,https://www.draftkings.com/help/how-to-play/us
2026,21,cup_2026_r21,5618,Window World 450,north_wilkesboro_speedway,North Wilkesboro Speedway,short_track,cluster_6,2026-07-19,daniel_suarez,Daniel Suarez,7,spire_motorsports,Spire Motorsports,chevrolet,Chevrolet,16.352395800965823,15,1.328367139921001,0.2418816266713461,16.077381295853236,22,0.003717651205699325,0.009080855633400248,19,26,24.89075005869468,17,conventional_speedway,short_steep_oval,short_steep_oval,short_steep_oval,,,,,,,2026-07-16T21:13:13Z,pre_entry_list_inferred_roster,0.0135,0.054,-0.0203,pre_race_timing_but_proxy_unverified,TRUE,2026-07-15,https://www.jayski.com/nascar-cup-series/2026-nascar-cup-series-race-results/,43607004,7400,30.3,,Window World 450,TRUE,TRUE,0.0135,0.054,1.0027036482827156,16.332095800965824,16.057081295853237,24.94475005869468,0.0037277024269973496,0.00910540707313908,0.0035989957203329055,0.008789317694169494,15,22,17,19,25,matched,450,0.007650575330004388,0.009495585195250416,0.009495585195250416,0.011810355823111358,0.015467887474451252,0.015467887474451252,0.008573080262627401,0.013639121648781307,3.9559278221153775,7.395551838875178,15,model_predicted_qualifying_rank,22,22,20,20,-7,-7,0.9889819555288444,3.3279983274938303,17.316980283022673,17.316980283022673,17.316980283022673,17.316980283022673,2.3401324706787396,2.3401324706787396,22,20,-7,17.316980283022673,17.316980283022673,2.3401324706787396,pre_qualifying_provisional,https://pick6.draftkings.com/pick6-rules-and-scoring-nascar,https://www.draftkings.com/help/how-to-play/us
2026,21,cup_2026_r21,5618,Window World 450,north_wilkesboro_speedway,North Wilkesboro Speedway,short_track,cluster_6,2026-07-19,aj_allmendinger,A.J. Allmendinger,16,kaulig_racing,Kaulig Racing,chevrolet,Chevrolet,19.635495795242427,21,1.4655242880437886,0.21749265205517188,17.580035432319445,26,0.002768743917215886,0.009091686516133866,21,25,18.843096941954748,25,conventional_speedway,short_steep_oval,short_steep_oval,short_steep_oval,,,,,,,2026-07-16T21:13:13Z,pre_entry_list_inferred_roster,0,0,-0,pre_race_timing_but_proxy_unverified,TRUE,2026-07-15,https://www.jayski.com/nascar-cup-series/2026-nascar-cup-series-race-results/,43607018,5500,27,,Window World 450,TRUE,TRUE,0,0,1,19.635495795242427,17.580035432319445,18.843096941954748,0.002768743917215886,0.009091686516133866,0.002673147254617173,0.008776073439026246,21,26,25,21,26,matched,450,0.002665746254927702,0.003896301325176391,0.003896301325176391,0.012998052278801412,0.012998709791959094,0.012998709791959094,0.0032810237900520465,0.012998381035380252,1.513982477531535,7.048122543668065,21,model_predicted_qualifying_rank,26,26,16,16,-5,-5,0.37849561938288373,3.171655144650629,14.550150764033512,14.550150764033512,14.550150764033512,14.550150764033512,2.6454819570970023,2.6454819570970023,26,16,-5,14.550150764033512,14.550150764033512,2.6454819570970023,pre_qualifying_provisional,https://pick6.draftkings.com/pick6-rules-and-scoring-nascar,https://www.draftkings.com/help/how-to-play/us
2026,21,cup_2026_r21,5618,Window World 450,north_wilkesboro_speedway,North Wilkesboro Speedway,short_track,cluster_6,2026-07-19,ricky_stenhouse_jr,Ricky Stenhouse Jr.,47,hyak_motorsports,Hyak Motorsports,chevrolet,Chevrolet,23.019889591133072,27,1.5633028586957967,0.2080361052738578,18.19976259629669,28,5.778652395906587e-4,0.006082983613122946,31,29,16.913206486218634,29,conventional_speedway,short_steep_oval,short_steep_oval,short_steep_oval,,,,,,,2026-07-16T21:13:13Z,pre_entry_list_inferred_roster,-0.0135,-0.054,0.0203,pre_race_timing_but_proxy_unverified,TRUE,2026-07-15,https://www.jayski.com/nascar-cup-series/2026-nascar-cup-series-race-results/,43607020,5200,24.7,,Window World 450,TRUE,TRUE,-0.0135,-0.054,0.9973036417217132,23.04018959113307,18.22006259629669,16.859206486218635,5.763071078681543e-4,0.006066581709901019,5.56408902114438e-4,0.0058559835422685455,27,28,29,31,29,matched,450,6.876597872643785e-4,0.0012600083663757468,0.0012600083663757468,0.0031373588242392513,0.008188848973333104,0.008188848973333104,9.738340768200627e-4,0.0056631038987861775,0.4493620963063136,3.0707093558441545,27,model_predicted_qualifying_rank,28,28,14,14,-1,-1,0.1123405240765784,1.3818192101298696,14.494159734206448,14.494159734206448,14.494159734206448,14.494159734206448,2.7873384104243173,2.7873384104243173,28,14,-1,14.494159734206448,14.494159734206448,2.7873384104243173,pre_qualifying_provisional,https://pick6.draftkings.com/pick6-rules-and-scoring-nascar,https://www.draftkings.com/help/how-to-play/us
2026,21,cup_2026_r21,5618,Window World 450,north_wilkesboro_speedway,North Wilkesboro Speedway,short_track,cluster_6,2026-07-19,john_hunter_nemechek,John Hunter Nemechek,42,legacy_motor_club,Legacy Motor Club,toyota,Toyota,23.39887244991145,28,1.5459154983614003,0.19706176918928958,18.946395580618677,30,4.739393781457529e-4,0.006337593427220682,33,28,17.731584969582904,28,conventional_speedway,short_steep_oval,short_steep_oval,short_steep_oval,,,,,,,2026-07-16T21:13:13Z,pre_entry_list_inferred_roster,-0.0135,-0.054,0.0203,pre_race_timing_but_proxy_unverified,TRUE,2026-07-15,https://www.jayski.com/nascar-cup-series/2026-nascar-cup-series-race-results/,43607019,5400,24.5,,Window World 450,TRUE,TRUE,-0.0135,-0.054,0.9973036417217132,23.41917244991145,18.966695580618676,17.677584969582906,4.726614677800835e-4,0.00632050500471878,4.563418440771371e-4,0.006101092024533705,28,30,28,33,28,matched,450,0.020035181172059477,0,0,0.011825380932302875,0.009082591157685942,0.009082591157685942,0.010017590586029738,0.010453986044994408,4.622476880636485,5.668473213268978,28,model_predicted_qualifying_rank,30,30,12,12,-2,-2,1.1556192201591213,2.5508129459710402,13.706432166130162,13.706432166130162,13.706432166130162,13.706432166130162,2.538228178912993,2.538228178912993,30,12,-2,13.706432166130162,13.706432166130162,2.538228178912993,pre_qualifying_provisional,https://pick6.draftkings.com/pick6-rules-and-scoring-nascar,https://www.draftkings.com/help/how-to-play/us
2026,21,cup_2026_r21,5618,Window World 450,north_wilkesboro_speedway,North Wilkesboro Speedway,short_track,cluster_6,2026-07-19,cole_custer,Cole Custer,41,haas_factory_team,Haas Factory Team,chevrolet,Chevrolet,24.661148470652282,31,1.5197277208421742,0.18797256186434033,19.587910759599325,31,0.001313895263668165,0.001069552004820446,28,35,15.151546279025311,31,conventional_speedway,short_steep_oval,short_steep_oval,short_steep_oval,,,,,,,2026-07-16T21:13:13Z,pre_entry_list_inferred_roster,-0.0135,-0.054,0.0203,pre_race_timing_but_proxy_unverified,TRUE,2026-07-15,https://www.jayski.com/nascar-cup-series/2026-nascar-cup-series-race-results/,43607021,5100,17.6,,Window World 450,TRUE,TRUE,-0.0135,-0.054,0.9973036417217132,24.68144847065228,19.608210759599324,15.09754627902531,0.0013103525312971715,0.00106666810941819,0.0012651098752173178,0.0010296392915340028,31,31,31,28,35,matched,450,9.871881378418768e-4,1.832786687806669e-4,1.832786687806669e-4,0.00801742947532519,0.007687523463332588,0.007687523463332588,5.852334033112719e-4,0.007852476469328889,0.2700477578266375,4.257854595618945,31,model_predicted_qualifying_rank,31,31,10,10,0,0,0.06751193945665937,1.9160345680285253,11.983546507485185,11.983546507485185,11.983546507485185,11.983546507485185,2.3497150014676835,2.3497150014676835,31,10,0,11.983546507485185,11.983546507485185,2.3497150014676835,pre_qualifying_provisional,https://pick6.draftkings.com/pick6-rules-and-scoring-nascar,https://www.draftkings.com/help/how-to-play/us
2026,21,cup_2026_r21,5618,Window World 450,north_wilkesboro_speedway,North Wilkesboro Speedway,short_track,cluster_6,2026-07-19,connor_zilisch,Connor Zilisch,88,trackhouse_racing,Trackhouse Racing,chevrolet,Chevrolet,24.470945213772936,30,1.6971077462289845,0.17892202559617,20.24827845777376,32,5.206448745601554e-4,0.0028040234374633525,32,33,14.543851821924498,32,conventional_speedway,short_steep_oval,short_steep_oval,short_steep_oval,,,,,,,2026-07-16T21:13:13Z,pre_entry_list_inferred_roster,,,,,,,,43607014,6000,16,,Window World 450,FALSE,FALSE,0,0,1,24.470945213772936,20.24827845777376,14.543851821924498,5.206448745601554e-4,0.0028040234374633525,5.026685235882951e-4,0.0027066832504904275,30,32,32,32,33,matched,450,0.0088497804145379,0,0,0.028142798399998132,0.0071206691954671135,0.0071206691954671135,0.00442489020726895,0.017631733797732623,2.041803616029192,9.560469117307889,30,model_predicted_qualifying_rank,32,32,9,9,-2,-2,0.510450904007298,4.30221110278855,11.812662006795847,11.812662006795847,11.812662006795847,11.812662006795847,1.968777001132641,1.968777001132641,32,9,-2,11.812662006795847,11.812662006795847,1.968777001132641,pre_qualifying_provisional,https://pick6.draftkings.com/pick6-rules-and-scoring-nascar,https://www.draftkings.com/help/how-to-play/us
2026,21,cup_2026_r21,5618,Window World 450,north_wilkesboro_speedway,North Wilkesboro Speedway,short_track,cluster_6,2026-07-19,austin_hill,Austin Hill,33,richard_childress_racing,Richard Childress Racing,chevrolet,Chevrolet,27.603114310329595,33,1.8648678680513417,0.16215443051738743,21.531110596851562,33,0.001512195154175328,0.001468247760680029,26,34,3.2735718369483946,38,conventional_speedway,short_steep_oval,short_steep_oval,short_steep_oval,,,,,,,2026-07-16T21:13:13Z,pre_entry_list_inferred_roster,,,,,,,,43607013,6100,8.8,,Window World 450,FALSE,FALSE,0,0,1,27.603114310329595,21.531110596851562,3.2735718369483946,0.001512195154175328,0.001468247760680029,0.0014599834602594562,0.0014172783181148612,33,33,38,26,34,matched,450,0.001141593843001698,0,0,0.013993499896449609,0.008926175117919174,0.008926175117919174,5.70796921500849e-4,0.011459837507184392,0.2633862454766047,6.213876855995422,33,model_predicted_qualifying_rank,33,33,8,8,0,0,0.06584656136915118,2.79624458519794,10.86209114656709,10.86209114656709,10.86209114656709,10.86209114656709,1.7806706797650969,1.7806706797650969,33,8,0,10.86209114656709,10.86209114656709,1.7806706797650969,pre_qualifying_provisional,https://pick6.draftkings.com/pick6-rules-and-scoring-nascar,https://www.draftkings.com/help/how-to-play/us
2026,21,cup_2026_r21,5618,Window World 450,north_wilkesboro_speedway,North Wilkesboro Speedway,short_track,cluster_6,2026-07-19,noah_gragson,Noah Gragson,4,front_row_motorsports,Front Row Motorsports,ford,Ford,28.809692044093175,35,1.918293203935436,0.15032005308705887,22.485144911189092,34,4.1510549929716327e-4,0.0028428235657108796,34,32,12.648623424779894,34,conventional_speedway,short_steep_oval,short_steep_oval,short_steep_oval,,,,,,,2026-07-16T21:13:13Z,pre_entry_list_inferred_roster,-0.0135,-0.054,0.0203,pre_race_timing_but_proxy_unverified,TRUE,2026-07-15,https://www.jayski.com/nascar-cup-series/2026-nascar-cup-series-race-results/,43607016,5700,23.1,,Window World 450,TRUE,TRUE,-0.0135,-0.054,0.9973036417217132,28.829992044093174,22.50544491118909,12.594623424779893,4.1398622614777095e-4,0.002835158294855766,3.9969248762775707e-4,0.0027367372778157807,35,34,34,34,32,matched,450,4.7150899044829926e-4,0,0,0.005973100848180336,0.007043089377457346,0.007043089377457346,2.3575449522414963e-4,0.006508095112818841,0.10878561010464133,3.5288896175717137,35,model_predicted_qualifying_rank,34,34,7,7,1,1,0.027196402526160332,1.5880003279072712,9.615196730433432,9.615196730433432,9.615196730433432,9.615196730433432,1.6868766193742863,1.6868766193742863,34,7,1,9.615196730433432,9.615196730433432,1.6868766193742863,pre_qualifying_provisional,https://pick6.draftkings.com/pick6-rules-and-scoring-nascar,https://www.draftkings.com/help/how-to-play/us
2026,21,cup_2026_r21,5618,Window World 450,north_wilkesboro_speedway,North Wilkesboro Speedway,short_track,cluster_6,2026-07-19,bj_mcleod,B.J. McLeod,78,live_fast_motorsports,Live Fast Motorsports,chevrolet,Chevrolet,35.59051339835033,37,3.518134965524486,0.10255924686990545,26.78466501571175,36,2.127719039430742e-4,3.243189837589936e-4,38,38,4.344721604757269,36,conventional_speedway,short_steep_oval,short_steep_oval,short_steep_oval,,,,,,,2026-07-16T21:13:13Z,pre_entry_list_inferred_roster,,,,,,,,,,,,,FALSE,FALSE,0,0,1,35.59051339835033,26.78466501571175,4.344721604757269,2.127719039430742e-4,3.243189837589936e-4,2.0542550986695285e-4,3.1306042218772216e-4,37,36,36,38,38,forecast_only,450,0.001252711013915228,0,0,0.010775660508489042,3.122194612864258e-4,3.122194612864258e-4,6.26355506957614e-4,0.005543939984887733,0.28902297664356963,3.0060950115151748,37,model_predicted_qualifying_rank,36,36,5,5,1,1,0.07225574416089241,1.3527427551818287,7.4249984993427205,7.4249984993427205,7.4249984993427205,7.4249984993427205,,,36,5,1,7.4249984993427205,7.4249984993427205,,pre_qualifying_provisional,https://pick6.draftkings.com/pick6-rules-and-scoring-nascar,https://www.draftkings.com/help/how-to-play/us
2026,21,cup_2026_r21,5618,Window World 450,north_wilkesboro_speedway,North Wilkesboro Speedway,short_track,cluster_6,2026-07-19,ty_dillon,Ty Dillon,10,kaulig_racing,Kaulig Racing,chevrolet,Chevrolet,28.440093838091556,34,1.8005200704191244,0.14938953516009862,22.56192779271881,35,4.049501453027113e-4,0.004253479270259749,35,31,13.570842169776743,33,conventional_speedway,short_steep_oval,short_steep_oval,short_steep_oval,,,,,,,2026-07-16T21:13:13Z,pre_entry_list_inferred_roster,,,,,,,,43607022,5000,23.4,,Window World 450,FALSE,FALSE,0,0,1,28.440093838091556,22.56192779271881,13.570842169776743,4.049501453027113e-4,0.004253479270259749,3.9096839633376735e-4,0.0041058219925348876,34,35,33,35,31,matched,450,4.800341231186478e-4,4.657155782172066e-5,4.657155782172066e-5,0.005052404765090153,0.006700619813614778,0.006700619813614778,2.6330284047018426e-4,0.005876512289352465,0.12149740820678918,3.186425958124399,34,model_predicted_qualifying_rank,35,35,6,6,-1,-1,0.030374352051697296,1.4338916811559796,6.464266033207677,6.464266033207677,6.464266033207677,6.464266033207677,1.2928532066415352,1.2928532066415352,35,6,-1,6.464266033207677,6.464266033207677,1.2928532066415352,pre_qualifying_provisional,https://pick6.draftkings.com/pick6-rules-and-scoring-nascar,https://www.draftkings.com/help/how-to-play/us
2026,21,cup_2026_r21,5618,Window World 450,north_wilkesboro_speedway,North Wilkesboro Speedway,short_track,cluster_6,2026-07-19,chad_finchum,Chad Finchum,66,garage_66,Garage 66,ford,Ford,36.46673824109414,38,4.291625001058391,0.1016783106555467,26.87124852585729,37,2.654404177795002e-4,7.515805306813948e-4,36,37,4.0494419095325815,37,conventional_speedway,short_steep_oval,short_steep_oval,short_steep_oval,,,,,,,2026-07-16T21:13:13Z,pre_entry_list_inferred_roster,,,,,,,,43607024,4500,16.3,,Window World 450,FALSE,FALSE,0,0,1,36.46673824109414,26.87124852585729,4.0494419095325815,2.654404177795002e-4,7.515805306813948e-4,2.562755333346996e-4,7.254898110375105e-4,38,37,37,36,37,matched,450,0.003818598385049434,0,0,0.0035846527651172463,0.003086141561790878,0.003086141561790878,0.001909299192524717,0.0033353971634540623,0.8810193728591271,1.8085550712692573,38,model_predicted_qualifying_rank,37,37,4,4,1,1,0.22025484321478178,0.8138497820711658,6.034104625285948,6.034104625285948,6.034104625285948,6.034104625285948,1.3409121389524328,1.3409121389524328,37,4,1,6.034104625285948,6.034104625285948,1.3409121389524328,pre_qualifying_provisional,https://pick6.draftkings.com/pick6-rules-and-scoring-nascar,https://www.draftkings.com/help/how-to-play/us
2026,21,cup_2026_r21,5618,Window World 450,north_wilkesboro_speedway,North Wilkesboro Speedway,short_track,cluster_6,2026-07-19,cody_ware,Cody Ware,51,rick_ware_racing,Rick Ware Racing,chevrolet,Chevrolet,34.30471176063674,36,3.5103813191507376,0.09869837318555892,27.16621407412149,38,2.4746696677934154e-4,7.681923721800591e-4,37,36,8.693722280994201,35,conventional_speedway,short_steep_oval,short_steep_oval,short_steep_oval,,,,,,,2026-07-16T21:13:13Z,pre_entry_list_inferred_roster,,,,,,,,43607023,4800,18,,Window World 450,FALSE,FALSE,0,0,1,34.30471176063674,27.16621407412149,8.693722280994201,2.4746696677934154e-4,7.681923721800591e-4,2.389226532440833e-4,7.415249812659419e-4,36,38,35,37,36,matched,450,8.766872036759445e-4,0,0,0.0038697658373982625,0.005419658346450266,0.005419658346450266,4.3834360183797225e-4,0.004644712091924264,0.20226751611277485,2.51850595199769,36,model_predicted_qualifying_rank,38,38,3,3,-2,-2,0.05056687902819371,1.1333276783989605,2.183894557427154,2.183894557427154,2.183894557427154,2.183894557427154,0.4549780327973238,0.4549780327973238,38,3,-2,2.183894557427154,2.183894557427154,0.4549780327973238,pre_qualifying_provisional,https://pick6.draftkings.com/pick6-rules-and-scoring-nascar,https://www.draftkings.com/help/how-to-play/us
